{"v":"5.5.7","meta":{"g":"LottieFiles AE 0.1.20","a":"","k":"","d":"","tc":""},"fr":60,"ip":0,"op":311,"w":1000,"h":1000,"nm":"58 - Diary - NotePad","ddd":0,"assets":[],"layers":[{"ddd":0,"ind":1,"ty":3,"nm":"Trigger","sr":1,"ks":{"o":{"a":0,"k":0,"ix":11},"r":{"a":0,"k":0,"ix":10},"p":{"a":0,"k":[500,500,0],"ix":2},"a":{"a":0,"k":[0,0,0],"ix":1},"s":{"a":0,"k":[100,100,100],"ix":6}},"ao":0,"ip":0,"op":600,"st":0,"bm":0},{"ddd":0,"ind":2,"ty":3,"nm":"Out Animation","sr":1,"ks":{"o":{"a":0,"k":0,"ix":11},"r":{"a":1,"k":[{"i":{"x":[0.667],"y":[1]},"o":{"x":[0.167],"y":[0]},"t":0,"s":[0]},{"i":{"x":[0],"y":[1]},"o":{"x":[0.333],"y":[0]},"t":240,"s":[0]},{"i":{"x":[0.667],"y":[1]},"o":{"x":[1],"y":[0]},"t":260,"s":[5]},{"t":300,"s":[-25]}],"ix":10},"p":{"a":0,"k":[500,500,0],"ix":2},"a":{"a":0,"k":[50,50,0],"ix":1},"s":{"a":1,"k":[{"i":{"x":[0,0,0],"y":[1,1,1]},"o":{"x":[0.333,0.333,0.333],"y":[0,0,0]},"t":240,"s":[100,100,100]},{"i":{"x":[0.667,0.667,0.667],"y":[1,1,1]},"o":{"x":[1,1,1],"y":[0,0,0]},"t":260,"s":[110,110,100]},{"t":300,"s":[0,0,100]}],"ix":6}},"ao":0,"ip":0,"op":600,"st":0,"bm":0},{"ddd":0,"ind":4,"ty":4,"nm":"Layer 5 Outlines","parent":2,"sr":1,"ks":{"o":{"a":0,"k":100,"ix":11},"r":{"a":0,"k":0,"ix":10},"p":{"a":0,"k":[-111.761,42.747,0],"ix":2},"a":{"a":0,"k":[25.25,333.583,0],"ix":1},"s":{"a":1,"k":[{"i":{"x":[0.559,0.593,0.667],"y":[1,1,1]},"o":{"x":[0.596,0.562,0.333],"y":[0,0,0]},"t":20,"s":[100,0,100]},{"i":{"x":[0.667,0.667,0.667],"y":[1,1,1]},"o":{"x":[0.333,0.333,0.333],"y":[0,0,0]},"t":60,"s":[100,103,100]},{"t":70,"s":[100,100,100]}],"ix":6}},"ao":0,"shapes":[{"ty":"gr","it":[{"ind":0,"ty":"sh","ix":1,"ks":{"a":0,"k":{"i":[[0,0],[0,0],[0,0],[0,0]],"o":[[0,0],[0,0],[0,0],[0,0]],"v":[[-25,-333.333],[25,-333.333],[25,333.333],[-25,333.333]],"c":true},"ix":2},"nm":"Path 1","mn":"ADBE Vector Shape - Group","hd":false},{"ty":"fl","c":{"a":0,"k":[0.91244393143,0.910860188802,0.896743654737,1],"ix":4},"o":{"a":0,"k":100,"ix":5},"r":1,"bm":0,"nm":"Fill 1","mn":"ADBE Vector Graphic - Fill","hd":false},{"ty":"tr","p":{"a":0,"k":[25.25,333.583],"ix":2},"a":{"a":0,"k":[0,0],"ix":1},"s":{"a":0,"k":[100,100],"ix":3},"r":{"a":0,"k":0,"ix":6},"o":{"a":0,"k":100,"ix":7},"sk":{"a":0,"k":0,"ix":4},"sa":{"a":0,"k":0,"ix":5},"nm":"Transform"}],"nm":"Group 1","np":2,"cix":2,"bm":0,"ix":1,"mn":"ADBE Vector Group","hd":false}],"ip":0,"op":600,"st":0,"bm":0},{"ddd":0,"ind":5,"ty":4,"nm":"Layer 6 Outlines","parent":2,"sr":1,"ks":{"o":{"a":0,"k":100,"ix":11},"r":{"a":1,"k":[{"i":{"x":[0.667],"y":[1]},"o":{"x":[0.333],"y":[0]},"t":70,"s":[0]},{"i":{"x":[0.667],"y":[1]},"o":{"x":[0.333],"y":[0]},"t":84.818,"s":[5]},{"i":{"x":[0.667],"y":[1]},"o":{"x":[0.333],"y":[0]},"t":99.637,"s":[-5]},{"i":{"x":[0.667],"y":[1]},"o":{"x":[0.333],"y":[0]},"t":114.455,"s":[4]},{"i":{"x":[0.667],"y":[1]},"o":{"x":[0.333],"y":[0]},"t":129.273,"s":[-4]},{"i":{"x":[0.667],"y":[1]},"o":{"x":[0.333],"y":[0]},"t":144.092,"s":[3]},{"i":{"x":[0.667],"y":[1]},"o":{"x":[0.333],"y":[0]},"t":158.908,"s":[-3]},{"i":{"x":[0.667],"y":[1]},"o":{"x":[0.333],"y":[0]},"t":173.727,"s":[2]},{"i":{"x":[0.667],"y":[1]},"o":{"x":[0.333],"y":[0]},"t":188.545,"s":[-2]},{"i":{"x":[0.667],"y":[1]},"o":{"x":[0.333],"y":[0]},"t":203.363,"s":[1]},{"i":{"x":[0.667],"y":[1]},"o":{"x":[0.333],"y":[0]},"t":218.182,"s":[-1]},{"t":233,"s":[0]}],"ix":10},"p":{"a":0,"k":[179.906,-290.586,0],"ix":2},"a":{"a":0,"k":[66.917,0.25,0],"ix":1},"s":{"a":1,"k":[{"i":{"x":[0.558,0.558,0.667],"y":[1,1,1]},"o":{"x":[0.505,0.505,0.333],"y":[0,0,0]},"t":30,"s":[0,0,100]},{"i":{"x":[0.667,0.667,0.667],"y":[1,1,1]},"o":{"x":[0.333,0.333,0.333],"y":[0,0,0]},"t":70,"s":[103,103,100]},{"t":84.818359375,"s":[100,100,100]}],"ix":6}},"ao":0,"shapes":[{"ty":"gr","it":[{"ind":0,"ty":"sh","ix":1,"ks":{"a":1,"k":[{"i":{"x":0.667,"y":1},"o":{"x":0.333,"y":0},"t":70,"s":[{"i":[[0,0],[0,0],[0,0],[-4.134,-1.683],[-1.434,0],[-2.116,2.083],[0,0],[0,0],[-2.884,0],[-1.366,0.567],[0,4.4],[0,0],[0,0]],"o":[[0,0],[0,0],[0,4.4],[1.382,0.55],[2.882,0],[0,0],[0,0],[2.116,2.083],[1.433,0],[4.15,-1.683],[0,0],[0,0],[0,0]],"v":[[-66.666,-70.834],[-66.666,-54.797],[-66.666,59.934],[-59.816,69.999],[-55.566,70.834],[-47.717,67.634],[0.001,20.85],[47.7,67.634],[55.551,70.834],[59.801,69.999],[66.666,59.934],[66.666,-56.235],[66.666,-70.834]],"c":true}]},{"i":{"x":0.667,"y":1},"o":{"x":0.333,"y":0},"t":84.818,"s":[{"i":[[0,0],[0,0],[0,0],[-4.134,-1.683],[-1.434,0],[-2.116,2.083],[0,0],[0,0],[-2.884,0],[-1.366,0.567],[0,4.4],[0,0],[0,0]],"o":[[0,0],[0,0],[0,4.4],[1.382,0.55],[2.882,0],[0,0],[0,0],[2.116,2.083],[1.433,0],[4.15,-1.683],[0,0],[0,0],[0,0]],"v":[[-66.139,-65.108],[-66.204,-49.773],[-66.666,59.934],[-59.816,69.999],[-55.566,70.834],[-47.717,67.634],[0.001,20.85],[47.7,67.634],[55.551,70.834],[59.801,69.999],[66.666,59.934],[66.404,-61.786],[66.371,-77.082]],"c":true}]},{"i":{"x":0.667,"y":1},"o":{"x":0.333,"y":0},"t":99.637,"s":[{"i":[[0,0],[0,0],[0,0],[-4.134,-1.683],[-1.434,0],[-2.116,2.083],[0,0],[0,0],[-2.884,0],[-1.366,0.567],[0,4.4],[0,0],[0,0]],"o":[[0,0],[0,0],[0,4.4],[1.382,0.55],[2.882,0],[0,0],[0,0],[2.116,2.083],[1.433,0],[4.15,-1.683],[0,0],[0,0],[0,0]],"v":[[-66.236,-76.911],[-66.3,-61.576],[-66.763,48.13],[-59.816,69.999],[-55.566,70.834],[-47.717,67.634],[0.001,20.85],[47.701,67.634],[55.551,70.834],[59.801,69.999],[66.666,59.934],[66.48,-51.19],[66.457,-65.154]],"c":true}]},{"i":{"x":0.667,"y":1},"o":{"x":0.333,"y":0},"t":114.455,"s":[{"i":[[0,0],[0,0],[0,0],[-4.134,-1.683],[-1.434,0],[-2.116,2.083],[0,0],[0,0],[-2.884,0],[-1.366,0.567],[0,4.4],[0,0],[0,0]],"o":[[0,0],[0,0],[0,4.4],[1.382,0.55],[2.882,0],[0,0],[0,0],[2.116,2.083],[1.433,0],[4.15,-1.683],[0,0],[0,0],[0,0]],"v":[[-66.244,-66.604],[-66.295,-51.086],[-66.666,59.934],[-59.816,69.999],[-55.566,70.834],[-47.717,67.634],[0.001,20.85],[47.7,67.634],[55.551,70.834],[59.801,69.999],[66.666,59.934],[66.359,-60.837],[66.32,-76.013]],"c":true}]},{"i":{"x":0.667,"y":1},"o":{"x":0.333,"y":0},"t":129.273,"s":[{"i":[[0,0],[0,0],[0,0],[-4.134,-1.683],[-1.434,0],[-2.116,2.083],[0,0],[0,0],[-2.884,0],[-1.366,0.567],[0,4.4],[0,0],[0,0]],"o":[[0,0],[0,0],[0,4.4],[1.382,0.55],[2.882,0],[0,0],[0,0],[2.116,2.083],[1.433,0],[4.15,-1.683],[0,0],[0,0],[0,0]],"v":[[-66.292,-76.101],[-66.35,-60.865],[-66.763,48.13],[-59.816,69.999],[-55.566,70.834],[-47.717,67.634],[0.001,20.85],[47.701,67.634],[55.551,70.834],[59.801,69.999],[66.666,59.934],[66.466,-52.582],[66.441,-66.721]],"c":true}]},{"i":{"x":0.667,"y":1},"o":{"x":0.333,"y":0},"t":144.092,"s":[{"i":[[0,0],[0,0],[0,0],[-4.134,-1.683],[-1.434,0],[-2.116,2.083],[0,0],[0,0],[-2.884,0],[-1.366,0.567],[0,4.4],[0,0],[0,0]],"o":[[0,0],[0,0],[0,4.4],[1.382,0.55],[2.882,0],[0,0],[0,0],[2.116,2.083],[1.433,0],[4.15,-1.683],[0,0],[0,0],[0,0]],"v":[[-66.22,-67.857],[-66.275,-52.185],[-66.666,59.934],[-59.816,69.999],[-55.566,70.834],[-47.717,67.634],[0.001,20.85],[47.7,67.634],[55.551,70.834],[59.801,69.999],[66.666,59.934],[66.287,-59.778],[66.239,-74.822]],"c":true}]},{"i":{"x":0.667,"y":1},"o":{"x":0.333,"y":0},"t":158.908,"s":[{"i":[[0,0],[0,0],[0,0],[-4.134,-1.683],[-1.434,0],[-2.116,2.083],[0,0],[0,0],[-2.884,0],[-1.366,0.567],[0,4.4],[0,0],[0,0]],"o":[[0,0],[0,0],[0,4.4],[1.382,0.55],[2.882,0],[0,0],[0,0],[2.116,2.083],[1.433,0],[4.15,-1.683],[0,0],[0,0],[0,0]],"v":[[-66.324,-74.788],[-66.378,-59.713],[-66.763,48.13],[-59.816,69.999],[-55.566,70.834],[-47.717,67.634],[0.001,20.85],[47.701,67.634],[55.551,70.834],[59.801,69.999],[66.666,59.934],[66.609,-41.232],[66.594,-67.775]],"c":true}]},{"i":{"x":0.667,"y":1},"o":{"x":0.333,"y":0},"t":173.727,"s":[{"i":[[0,0],[-0.284,0.381],[0,0],[-4.134,-1.683],[-1.434,0],[-2.116,2.083],[0,0],[0,0],[-2.884,0],[-1.366,0.567],[0,4.4],[0,0],[0,0]],"o":[[0,0],[0.284,-0.381],[0,4.4],[1.382,0.55],[2.882,0],[0,0],[0,0],[2.116,2.083],[1.433,0],[4.15,-1.683],[0,0],[0,0],[0,0]],"v":[[-66.459,-68.911],[-66.505,-40.724],[-66.666,59.934],[-59.816,69.999],[-55.566,70.834],[-47.717,67.634],[0.001,20.85],[47.7,67.634],[55.551,70.834],[59.801,69.999],[66.666,59.934],[66.404,-61.786],[66.303,-73.64]],"c":true}]},{"i":{"x":0.667,"y":1},"o":{"x":0.333,"y":0},"t":188.545,"s":[{"i":[[0,0],[0,0],[0,0],[-4.134,-1.683],[-1.434,0],[-2.116,2.083],[0,0],[0,0],[-2.884,0],[-1.366,0.567],[0,4.4],[0,0],[0,0]],"o":[[0,0],[0,0],[0,4.4],[1.382,0.55],[2.882,0],[0,0],[0,0],[2.116,2.083],[1.433,0],[4.15,-1.683],[0,0],[0,0],[0,0]],"v":[[-66.207,-73.658],[-66.3,-61.576],[-66.763,48.13],[-59.816,69.999],[-55.566,70.834],[-47.717,67.634],[0.001,20.85],[47.701,67.634],[55.551,70.834],[59.801,69.999],[66.666,59.934],[66.48,-51.19],[66.462,-68.906]],"c":true}]},{"i":{"x":0.667,"y":1},"o":{"x":0.333,"y":0},"t":203.363,"s":[{"i":[[0,0],[0,0],[0,0],[-4.134,-1.683],[-1.434,0],[-2.116,2.083],[0,0],[0,0],[-2.884,0],[-1.366,0.567],[0,4.4],[0,0],[0,0]],"o":[[0,0],[0,0],[0,4.4],[1.382,0.55],[2.882,0],[0,0],[0,0],[2.116,2.083],[1.433,0],[4.15,-1.683],[0,0],[0,0],[0,0]],"v":[[-66.213,-69.982],[-66.204,-49.773],[-66.666,59.934],[-59.816,69.999],[-55.566,70.834],[-47.717,67.634],[0.001,20.85],[47.7,67.634],[55.551,70.834],[59.801,69.999],[66.666,59.934],[66.404,-61.786],[66.348,-71.893]],"c":true}]},{"i":{"x":0.667,"y":1},"o":{"x":0.333,"y":0},"t":218.182,"s":[{"i":[[0,0],[0,0],[0,0],[-4.134,-1.683],[-1.434,0],[-2.116,2.083],[0,0],[0,0],[-2.884,0],[-1.366,0.567],[0,4.4],[0,0],[0,0]],"o":[[0,0],[0,0],[0,4.4],[1.382,0.55],[2.882,0],[0,0],[0,0],[2.116,2.083],[1.433,0],[4.15,-1.683],[0,0],[0,0],[0,0]],"v":[[-66.061,-72.595],[-66.3,-61.576],[-66.763,48.13],[-59.816,69.999],[-55.566,70.834],[-47.717,67.634],[0.001,20.85],[47.701,67.634],[55.551,70.834],[59.801,69.999],[66.666,59.934],[66.48,-51.19],[66.544,-70.153]],"c":true}]},{"t":233,"s":[{"i":[[0,0],[0,0],[0,0],[-4.134,-1.683],[-1.434,0],[-2.116,2.083],[0,0],[0,0],[-2.884,0],[-1.366,0.567],[0,4.4],[0,0],[0,0]],"o":[[0,0],[0,0],[0,4.4],[1.382,0.55],[2.882,0],[0,0],[0,0],[2.116,2.083],[1.433,0],[4.15,-1.683],[0,0],[0,0],[0,0]],"v":[[-66.666,-70.834],[-66.666,-54.797],[-66.666,59.934],[-59.816,69.999],[-55.566,70.834],[-47.717,67.634],[0.001,20.85],[47.7,67.634],[55.551,70.834],[59.801,69.999],[66.666,59.934],[66.666,-56.235],[66.666,-70.834]],"c":true}]}],"ix":2},"nm":"Path 1","mn":"ADBE Vector Shape - Group","hd":false},{"ty":"mm","mm":4,"nm":"Merge Paths 1","mn":"ADBE Vector Filter - Merge","hd":false},{"ty":"fl","c":{"a":0,"k":[0.292195997051,0.487387892779,0.860392252604,1],"ix":4},"o":{"a":0,"k":100,"ix":5},"r":1,"bm":0,"nm":"Fill 1","mn":"ADBE Vector Graphic - Fill","hd":false},{"ty":"tr","p":{"a":0,"k":[66.916,71.083],"ix":2},"a":{"a":0,"k":[0,0],"ix":1},"s":{"a":0,"k":[100,100],"ix":3},"r":{"a":0,"k":0,"ix":6},"o":{"a":0,"k":100,"ix":7},"sk":{"a":0,"k":0,"ix":4},"sa":{"a":0,"k":0,"ix":5},"nm":"Transform"}],"nm":"Group 1","np":3,"cix":2,"bm":0,"ix":1,"mn":"ADBE Vector Group","hd":false},{"ty":"gr","it":[{"ind":0,"ty":"sh","ix":1,"ks":{"a":1,"k":[{"i":{"x":0.667,"y":1},"o":{"x":0.333,"y":0},"t":70,"s":[{"i":[[0,0],[0,0],[0,0],[-4.134,-1.684],[-1.435,0],[-2.117,2.083],[0,0],[0,0],[-2.884,0],[-1.366,0.566],[0,4.4]],"o":[[0,0],[0,0],[0,4.4],[1.383,0.55],[2.883,0],[0,0],[0,0],[2.116,2.083],[1.432,0],[4.149,-1.684],[0,0]],"v":[[66.667,-70.834],[-66.667,-70.834],[-66.667,59.934],[-59.818,70.001],[-55.567,70.834],[-47.718,67.634],[-0.001,20.85],[47.699,67.634],[55.55,70.834],[59.799,70.001],[66.667,59.934]],"c":true}]},{"i":{"x":0.667,"y":1},"o":{"x":0.333,"y":0},"t":84.818,"s":[{"i":[[0,0],[0,0],[0,0],[-4.134,-1.684],[-1.435,0],[-2.117,2.083],[0,0],[0,0],[-2.884,0],[-1.366,0.566],[0,4.4]],"o":[[0,0],[0,0],[0,4.4],[1.383,0.55],[2.883,0],[0,0],[0,0],[2.116,2.083],[1.432,0],[4.149,-1.684],[0,0]],"v":[[66.435,-86.122],[-66.369,-74.603],[-66.667,59.934],[-59.818,70.001],[-55.567,70.834],[-47.718,67.634],[-0.001,20.85],[47.699,67.634],[55.55,70.834],[59.799,70.001],[66.667,59.934]],"c":true}]},{"i":{"x":0.667,"y":1},"o":{"x":0.333,"y":0},"t":99.637,"s":[{"i":[[0,0],[0,0],[0,0],[-4.134,-1.684],[-1.435,0],[-2.117,2.083],[0,0],[0,0],[-2.884,0],[-1.366,0.566],[0,4.4]],"o":[[0,0],[0,0],[0,4.4],[1.383,0.55],[2.883,0],[0,0],[0,0],[2.116,2.083],[1.432,0],[4.149,-1.684],[0,0]],"v":[[66.486,-74.51],[-66.431,-86.09],[-66.667,59.934],[-59.818,70.001],[-55.567,70.834],[-47.718,67.634],[-0.001,20.85],[47.699,67.634],[55.55,70.834],[59.799,70.001],[66.667,59.934]],"c":true}]},{"i":{"x":0.667,"y":1},"o":{"x":0.333,"y":0},"t":114.455,"s":[{"i":[[0,0],[0,0],[0,0],[-4.134,-1.684],[-1.435,0],[-2.117,2.083],[0,0],[0,0],[-2.884,0],[-1.366,0.566],[0,4.4]],"o":[[0,0],[0,0],[0,4.4],[1.383,0.55],[2.883,0],[0,0],[0,0],[2.116,2.083],[1.432,0],[4.149,-1.684],[0,0]],"v":[[66.456,-84.933],[-66.256,-75.676],[-66.667,59.934],[-59.818,70.001],[-55.567,70.834],[-47.718,67.634],[-0.001,20.85],[47.699,67.634],[55.55,70.834],[59.799,70.001],[66.667,59.934]],"c":true}]},{"i":{"x":0.667,"y":1},"o":{"x":0.333,"y":0},"t":129.273,"s":[{"i":[[0,0],[0,0],[0,0],[-4.134,-1.684],[-1.435,0],[-2.117,2.083],[0,0],[0,0],[-2.884,0],[-1.366,0.566],[0,4.4]],"o":[[0,0],[0,0],[0,4.4],[1.383,0.55],[2.883,0],[0,0],[0,0],[2.116,2.083],[1.432,0],[4.149,-1.684],[0,0]],"v":[[66.502,-75.637],[-66.442,-85.026],[-66.667,59.934],[-59.818,70.001],[-55.567,70.834],[-47.718,67.634],[-0.001,20.85],[47.699,67.634],[55.55,70.834],[59.799,70.001],[66.667,59.934]],"c":true}]},{"i":{"x":0.667,"y":1},"o":{"x":0.333,"y":0},"t":144.092,"s":[{"i":[[0,0],[0,0],[0,0],[-4.134,-1.684],[-1.435,0],[-2.117,2.083],[0,0],[0,0],[-2.884,0],[-1.366,0.566],[0,4.4]],"o":[[0,0],[0,0],[0,4.4],[1.383,0.55],[2.883,0],[0,0],[0,0],[2.116,2.083],[1.432,0],[4.149,-1.684],[0,0]],"v":[[66.3,-83.924],[-66.168,-76.742],[-66.667,59.934],[-59.818,70.001],[-55.567,70.834],[-47.718,67.634],[-0.001,20.85],[47.699,67.634],[55.55,70.834],[59.799,70.001],[66.667,59.934]],"c":true}]},{"i":{"x":0.667,"y":1},"o":{"x":0.333,"y":0},"t":158.908,"s":[{"i":[[0,0],[0,0],[0,0],[-4.134,-1.684],[-1.435,0],[-2.117,2.083],[0,0],[0,0],[-2.884,0],[-1.366,0.566],[0,4.4]],"o":[[0,0],[0,0],[0,4.4],[1.383,0.55],[2.883,0],[0,0],[0,0],[2.116,2.083],[1.432,0],[4.149,-1.684],[0,0]],"v":[[66.479,-76.764],[-66.457,-83.713],[-66.667,59.934],[-59.818,70.001],[-55.567,70.834],[-47.718,67.634],[-0.001,20.85],[47.699,67.634],[55.55,70.834],[59.799,70.001],[66.667,59.934]],"c":true}]},{"i":{"x":0.667,"y":1},"o":{"x":0.333,"y":0},"t":173.727,"s":[{"i":[[0,0],[0,0],[0,0],[-4.134,-1.684],[-1.435,0],[-2.117,2.083],[0,0],[0,0],[-2.884,0],[-1.366,0.566],[0,4.4]],"o":[[0,0],[0,0],[0,4.4],[1.383,0.55],[2.883,0],[0,0],[0,0],[2.116,2.083],[1.432,0],[4.149,-1.684],[0,0]],"v":[[66.433,-82.619],[-66.554,-78.099],[-66.851,56.438],[-60.002,66.505],[-55.751,67.338],[-47.902,64.138],[-0.185,17.355],[47.515,64.138],[55.366,67.338],[59.615,66.505],[66.482,56.438]],"c":true}]},{"i":{"x":0.667,"y":1},"o":{"x":0.333,"y":0},"t":188.545,"s":[{"i":[[0,0],[0,0],[0,0],[-4.134,-1.684],[-1.435,0],[-2.117,2.083],[0,0],[0,0],[-2.884,0],[-1.366,0.566],[0,4.4]],"o":[[0,0],[0,0],[0,4.4],[1.383,0.55],[2.883,0],[0,0],[0,0],[2.116,2.083],[1.432,0],[4.149,-1.684],[0,0]],"v":[[66.49,-78.2],[-66.299,-82.208],[-66.667,59.934],[-59.818,70.001],[-55.567,70.834],[-47.718,67.634],[-0.001,20.85],[47.699,67.634],[55.55,70.834],[59.799,70.001],[66.667,59.934]],"c":true}]},{"i":{"x":0.667,"y":1},"o":{"x":0.333,"y":0},"t":203.363,"s":[{"i":[[0,0],[0,0],[0,0],[-4.134,-1.684],[-1.435,0],[-2.117,2.083],[0,0],[0,0],[-2.884,0],[-1.366,0.566],[0,4.4]],"o":[[0,0],[0,0],[0,4.4],[1.383,0.55],[2.883,0],[0,0],[0,0],[2.116,2.083],[1.432,0],[4.149,-1.684],[0,0]],"v":[[66.452,-81.559],[-66.196,-79.044],[-66.667,59.934],[-59.818,70.001],[-55.567,70.834],[-47.718,67.634],[-0.001,20.85],[47.699,67.634],[55.55,70.834],[59.799,70.001],[66.667,59.934]],"c":true}]},{"i":{"x":0.667,"y":1},"o":{"x":0.333,"y":0},"t":218.182,"s":[{"i":[[0,0],[0,0],[0,0],[-4.134,-1.684],[-1.435,0],[-2.117,2.083],[0,0],[0,0],[-2.884,0],[-1.366,0.566],[0,4.4]],"o":[[0,0],[0,0],[0,4.4],[1.383,0.55],[2.883,0],[0,0],[0,0],[2.116,2.083],[1.432,0],[4.149,-1.684],[0,0]],"v":[[66.61,-79.009],[-66.014,-81.332],[-66.667,59.934],[-59.818,70.001],[-55.567,70.834],[-47.718,67.634],[-0.001,20.85],[47.699,67.634],[55.55,70.834],[59.799,70.001],[66.667,59.934]],"c":true}]},{"t":233,"s":[{"i":[[0,0],[0,0],[0,0],[-4.134,-1.684],[-1.435,0],[-2.117,2.083],[0,0],[0,0],[-2.884,0],[-1.366,0.566],[0,4.4]],"o":[[0,0],[0,0],[0,4.4],[1.383,0.55],[2.883,0],[0,0],[0,0],[2.116,2.083],[1.432,0],[4.149,-1.684],[0,0]],"v":[[66.667,-70.834],[-66.667,-70.834],[-66.667,59.934],[-59.818,70.001],[-55.567,70.834],[-47.718,67.634],[-0.001,20.85],[47.699,67.634],[55.55,70.834],[59.799,70.001],[66.667,59.934]],"c":true}]}],"ix":2},"nm":"Path 1","mn":"ADBE Vector Shape - Group","hd":false},{"ty":"mm","mm":4,"nm":"Merge Paths 1","mn":"ADBE Vector Filter - Merge","hd":false},{"ty":"fl","c":{"a":0,"k":[0.143991253423,0.157517601462,0.185302375345,1],"ix":4},"o":{"a":0,"k":100,"ix":5},"r":1,"bm":0,"nm":"Fill 1","mn":"ADBE Vector Graphic - Fill","hd":false},{"ty":"tr","p":{"a":0,"k":[66.917,104.417],"ix":2},"a":{"a":0,"k":[0,0],"ix":1},"s":{"a":0,"k":[100,100],"ix":3},"r":{"a":0,"k":0,"ix":6},"o":{"a":0,"k":100,"ix":7},"sk":{"a":0,"k":0,"ix":4},"sa":{"a":0,"k":0,"ix":5},"nm":"Transform"}],"nm":"Group 2","np":3,"cix":2,"bm":0,"ix":2,"mn":"ADBE Vector Group","hd":false}],"ip":0,"op":600,"st":0,"bm":0},{"ddd":0,"ind":6,"ty":4,"nm":"Layer 7 Outlines","parent":2,"sr":1,"ks":{"o":{"a":0,"k":100,"ix":11},"r":{"a":0,"k":0,"ix":10},"p":{"a":0,"k":[63.24,59.289,0],"ix":2},"a":{"a":0,"k":[266.917,350.125,0],"ix":1},"s":{"a":1,"k":[{"i":{"x":[0.584,0.584,0.667],"y":[1,1,1]},"o":{"x":[0.443,0.443,0.333],"y":[0,0,0]},"t":0,"s":[0,0,100]},{"i":{"x":[0.667,0.667,0.667],"y":[1,1,1]},"o":{"x":[0.333,0.333,0.333],"y":[0,0,0]},"t":40,"s":[103,103,100]},{"t":50,"s":[100,100,100]}],"ix":6}},"ao":0,"shapes":[{"ty":"gr","it":[{"ind":0,"ty":"sh","ix":1,"ks":{"a":0,"k":{"i":[[0,0],[36.816,0],[0,0],[0,36.816],[0,0],[-36.816,0],[0,0],[0,-36.816]],"o":[[0,36.816],[0,0],[-36.816,0],[0,0],[0,-36.816],[0,0],[36.816,0],[0,0]],"v":[[266.667,266.667],[199.999,333.333],[-200.001,333.333],[-266.667,266.667],[-266.667,-266.667],[-200.001,-333.333],[199.999,-333.333],[266.667,-266.667]],"c":true},"ix":2},"nm":"Path 1","mn":"ADBE Vector Shape - Group","hd":false},{"ty":"mm","mm":4,"nm":"Merge Paths 1","mn":"ADBE Vector Filter - Merge","hd":false},{"ty":"fl","c":{"a":0,"k":[0.216525911817,0.230844490201,0.268474893009,1],"ix":4},"o":{"a":0,"k":100,"ix":5},"r":1,"bm":0,"nm":"Fill 1","mn":"ADBE Vector Graphic - Fill","hd":false},{"ty":"tr","p":{"a":0,"k":[266.917,333.583],"ix":2},"a":{"a":0,"k":[0,0],"ix":1},"s":{"a":0,"k":[100,100],"ix":3},"r":{"a":0,"k":0,"ix":6},"o":{"a":0,"k":100,"ix":7},"sk":{"a":0,"k":0,"ix":4},"sa":{"a":0,"k":0,"ix":5},"nm":"Transform"}],"nm":"Group 1","np":3,"cix":2,"bm":0,"ix":1,"mn":"ADBE Vector Group","hd":false},{"ty":"gr","it":[{"ind":0,"ty":"sh","ix":1,"ks":{"a":0,"k":{"i":[[0,0],[36.816,0],[0,0],[0,36.816],[0,0],[-36.816,0],[0,0],[0,-36.817]],"o":[[0,36.816],[0,0],[-36.816,0],[0,0],[0,-36.817],[0,0],[36.816,0],[0,0]],"v":[[266.667,266.667],[200,333.334],[-200,333.334],[-266.666,266.667],[-266.666,-266.666],[-200,-333.333],[200,-333.333],[266.667,-266.666]],"c":true},"ix":2},"nm":"Path 1","mn":"ADBE Vector Shape - Group","hd":false},{"ty":"mm","mm":4,"nm":"Merge Paths 1","mn":"ADBE Vector Filter - Merge","hd":false},{"ty":"fl","c":{"a":0,"k":[0.082258905149,0.062031566395,0.066909505807,1],"ix":4},"o":{"a":0,"k":100,"ix":5},"r":1,"bm":0,"nm":"Fill 1","mn":"ADBE Vector Graphic - Fill","hd":false},{"ty":"tr","p":{"a":0,"k":[266.916,366.916],"ix":2},"a":{"a":0,"k":[0,0],"ix":1},"s":{"a":0,"k":[100,100],"ix":3},"r":{"a":0,"k":0,"ix":6},"o":{"a":0,"k":100,"ix":7},"sk":{"a":0,"k":0,"ix":4},"sa":{"a":0,"k":0,"ix":5},"nm":"Transform"}],"nm":"Group 2","np":3,"cix":2,"bm":0,"ix":2,"mn":"ADBE Vector Group","hd":false}],"ip":0,"op":600,"st":0,"bm":0}],"markers":[]}